<?xml version="1.0" encoding="utf-8" ?>
<dwsync>
<file name="index.html" server="www-cfd-01.cs.boeing.com//project/www/" local="131074587090000000" remote="131075362040000000" />
<file name="jquery-ui.css" server="www-cfd-01.cs.boeing.com//project/www/" local="131074587090000000" remote="131075362040000000" />
<file name="jquery-ui.js" server="www-cfd-01.cs.boeing.com//project/www/" local="131074587100000000" remote="131075362050000000" />
<file name="jquery-ui.min.css" server="www-cfd-01.cs.boeing.com//project/www/" local="131074587100000000" remote="131075362060000000" />
<file name="jquery-ui.min.js" server="www-cfd-01.cs.boeing.com//project/www/" local="131074587110000000" remote="131075362060000000" />
<file name="jquery-ui.structure.css" server="www-cfd-01.cs.boeing.com//project/www/" local="131074587110000000" remote="131075362060000000" />
<file name="jquery-ui.structure.min.css" server="www-cfd-01.cs.boeing.com//project/www/" local="131074587110000000" remote="131075362070000000" />
<file name="jquery-ui.theme.css" server="www-cfd-01.cs.boeing.com//project/www/" local="131074587120000000" remote="131075362070000000" />
<file name="jquery-ui.theme.min.css" server="www-cfd-01.cs.boeing.com//project/www/" local="131074587120000000" remote="131075362070000000" />
<file name="jquery.js" server="www-cfd-01.cs.boeing.com//project/www/" local="131074587130000000" remote="131075362080000000" />
</dwsync>