<?xml version="1.0" encoding="utf-8" ?>
<dwsync>
<file name="html5shiv.js" server="//sw/data/cosys/dev/" local="130214135000000000" remote="130214135000000000" />
<file name="README.txt" server="//sw/data/cosys/dev/" local="130282233940000000" remote="130282233940000000" />
<file name="respond-proxy.html" server="//sw/data/cosys/dev/" local="130219550000000000" remote="130219550000000000" />
<file name="respond.js" server="//sw/data/cosys/dev/" local="130276136760000000" remote="130276136760000000" />
<file name="respond.min.js" server="//sw/data/cosys/dev/" local="130214135000000000" remote="130214135000000000" />
<file name="sentfrompage.js" server="//sw/data/cosys/dev/" local="130289180290000000" remote="130289180290000000" />
<file name="html5shiv.js" server="www-cfd-01.cs.boeing.com//project/www/" local="131072775890000000" remote="131072775890000000" />
<file name="README.txt" server="www-cfd-01.cs.boeing.com//project/www/" local="131072775900000000" remote="131072775900000000" />
<file name="respond-proxy.html" server="www-cfd-01.cs.boeing.com//project/www/" local="131072775910000000" remote="131072775910000000" />
<file name="respond.js" server="www-cfd-01.cs.boeing.com//project/www/" local="131072775910000000" remote="131072775910000000" />
<file name="respond.min.js" server="www-cfd-01.cs.boeing.com//project/www/" local="131072775920000000" remote="131072775920000000" />
<file name="sentfrompage.js" server="www-cfd-01.cs.boeing.com//project/www/" local="131072775920000000" remote="131072775920000000" />
</dwsync>