<?xml version="1.0" encoding="utf-8" ?>
<dwsync>
<file name="bootstrap-theme.css" server="//sw/data/cosys/dev/" local="130214171000000000" remote="130214171000000000" />
<file name="bootstrap-theme.min.css" server="//sw/data/cosys/dev/" local="130214171000000000" remote="130214171000000000" />
<file name="bootstrap.css" server="//sw/data/cosys/dev/" local="130354911030000000" remote="130354911030000000" />
<file name="bootstrap.min.css" server="//sw/data/cosys/dev/" local="130214171000000000" remote="130214171000000000" />
<file name="bootstrap-theme.css" server="www-cfd-01.cs.boeing.com//project/www/" local="131072775290000000" remote="131072775290000000" />
<file name="bootstrap-theme.min.css" server="www-cfd-01.cs.boeing.com//project/www/" local="131072775300000000" remote="131072775300000000" />
<file name="bootstrap.css" server="www-cfd-01.cs.boeing.com//project/www/" local="131072775310000000" remote="131072775310000000" />
<file name="bootstrap.min.css" server="www-cfd-01.cs.boeing.com//project/www/" local="131072775320000000" remote="131072775320000000" />
</dwsync>