<?xml version="1.0" encoding="utf-8" ?>
<dwsync>
<file name="GenSperadsheet.cfm" server="www-cfd-01.cs.boeing.com//project/www/" local="130899255750000000" remote="130971927680000000" />
<file name="getCol.cfm" server="www-cfd-01.cs.boeing.com//project/www/" local="130899255760000000" remote="130899255760000000" />
<file name="test.cfm" server="www-cfd-01.cs.boeing.com//project/www/" local="130899227360000000" remote="130899227360000000" />
<file name="getTable.cfm" server="www-cfd-01.cs.boeing.com//project/www/" local="130899255760000000" remote="130899255760000000" />
<file name="test2.cfm" server="www-cfd-01.cs.boeing.com//project/www/" local="130899227360000000" remote="130899227360000000" />
<file name="untitled.html" server="www-cfd-01.cs.boeing.com//project/www/" local="130899227360000000" remote="130899227360000000" />
<file name="GenSpreadsheet.cfm" server="www-cfd-01.cs.boeing.com//project/www/" local="130971927680000000" remote="130971927680000000" />
<file name="template.cfm" server="www-cfd-01.cs.boeing.com//project/www/" local="130899255790000000" remote="130899255790000000" />
<file name="application.cfm" server="www-cfd-01.cs.boeing.com//project/www/" local="130899227180000000" remote="130899227180000000" />
</dwsync>