<?xml version="1.0" encoding="utf-8" ?>
<dwsync>
<file name="1140x350_slide.psd" server="//sw/data/cosys/dev/" local="130338418960000000" remote="130338418960000000" />
<file name="1600x140_slide.psd" server="//sw/data/cosys/dev/" local="130355120570000000" remote="130355120570000000" />
<file name="1600x350_slide.psd" server="//sw/data/cosys/dev/" local="130354857780000000" remote="130354857780000000" />
<file name="small_banner.psd" server="//sw/data/cosys/dev/" local="130337850760000000" remote="130337850760000000" />
<file name="1140x350_slide.psd" server="www-cfd-01.cs.boeing.com//project/www/" local="131072776010000000" remote="131072776010000000" />
<file name="1600x140_slide.psd" server="www-cfd-01.cs.boeing.com//project/www/" local="131072776030000000" remote="131072776030000000" />
<file name="1600x350_slide.psd" server="www-cfd-01.cs.boeing.com//project/www/" local="131072776040000000" remote="131072776040000000" />
<file name="small_banner.psd" server="www-cfd-01.cs.boeing.com//project/www/" local="131072776050000000" remote="131072776050000000" />
</dwsync>