<?xml version="1.0" encoding="utf-8" ?>
<dwsync>
<file name="1140x350_slide1.png" server="//sw/data/cosys/dev/" local="130338421490000000" remote="130338421490000000" />
<file name="1140x350_slide2.png" server="//sw/data/cosys/dev/" local="130338421620000000" remote="130338421620000000" />
<file name="1140x350_slide3.png" server="//sw/data/cosys/dev/" local="130338421740000000" remote="130338421740000000" />
<file name="1140x350_slide4.png" server="//sw/data/cosys/dev/" local="130338421870000000" remote="130338421870000000" />
<file name="1600x140_slide.png" server="//sw/data/cosys/dev/" local="130355123070000000" remote="130355123070000000" />
<file name="1600x350_slide1.png" server="//sw/data/cosys/dev/" local="130354860160000000" remote="130354860160000000" />
<file name="1600x360_slide1.png" server="//sw/data/cosys/dev/" local="130337897500000000" remote="130337897500000000" />
<file name="1600x360_slide2.png" server="//sw/data/cosys/dev/" local="130337898060000000" remote="130337898060000000" />
<file name="1600x360_slide3.png" server="//sw/data/cosys/dev/" local="130337898250000000" remote="130337898250000000" />
<file name="1600x360_slide4.png" server="//sw/data/cosys/dev/" local="130337898500000000" remote="130337898500000000" />
<file name="940x362_slideshow1.jpg" server="//sw/data/cosys/dev/" local="130286846670000000" remote="130286846670000000" />
<file name="940x362_slideshow2.jpg" server="//sw/data/cosys/dev/" local="130286846770000000" remote="130286846770000000" />
<file name="940x362_slideshow3.jpg" server="//sw/data/cosys/dev/" local="130286846880000000" remote="130286846880000000" />
<file name="940x362_slideshow4.jpg" server="//sw/data/cosys/dev/" local="130286847010000000" remote="130286847010000000" />
<file name="banner1.png" server="//sw/data/cosys/dev/" local="130337847470000000" remote="130337847470000000" />
<file name="banner_FPO.png" server="//sw/data/cosys/dev/" local="130282242690000000" remote="130282242690000000" />
<file name="controls.png" server="//sw/data/cosys/dev/" local="130319624750000000" remote="130319624750000000" />
<file name="glyphicons-halflings-white.png" server="//sw/data/cosys/dev/" local="130347397980000000" remote="130347397980000000" />
<file name="glyphicons-halflings.png" server="//sw/data/cosys/dev/" local="130347397980000000" remote="130347397980000000" />
<file name="imagery.jpg" server="//sw/data/cosys/dev/" local="130283120540000000" remote="130283120540000000" />
<file name="search_icon.gif" server="//sw/data/cosys/dev/" local="130283106670000000" remote="130283106670000000" />
<file name="search_icon.png" server="//sw/data/cosys/dev/" local="130283088460000000" remote="130283088460000000" />
<file name="searchbutton.jpg" server="//sw/data/cosys/dev/" local="130293586560000000" remote="130293586560000000" />
<file name="small_banner.png" server="//sw/data/cosys/dev/" local="130337850930000000" remote="130337850930000000" />
<file name="small_banner_fpo.png" server="//sw/data/cosys/dev/" local="130282244020000000" remote="130282244020000000" />
<file name="1140x350_slide1.png" server="www-cfd-01.cs.boeing.com//project/www/" local="131072774760000000" remote="131072774760000000" />
<file name="1140x350_slide2.png" server="www-cfd-01.cs.boeing.com//project/www/" local="131072774770000000" remote="131072774770000000" />
<file name="1140x350_slide3.png" server="www-cfd-01.cs.boeing.com//project/www/" local="131072774770000000" remote="131072774770000000" />
<file name="1140x350_slide4.png" server="www-cfd-01.cs.boeing.com//project/www/" local="131072774780000000" remote="131072774780000000" />
<file name="1600x140_slide.png" server="www-cfd-01.cs.boeing.com//project/www/" local="131072774780000000" remote="131072774780000000" />
<file name="1600x350_slide1.png" server="www-cfd-01.cs.boeing.com//project/www/" local="131072774790000000" remote="131072774790000000" />
<file name="1600x360_slide1.png" server="www-cfd-01.cs.boeing.com//project/www/" local="131072774790000000" remote="131072774790000000" />
<file name="1600x360_slide2.png" server="www-cfd-01.cs.boeing.com//project/www/" local="131072774800000000" remote="131072774800000000" />
<file name="1600x360_slide3.png" server="www-cfd-01.cs.boeing.com//project/www/" local="131072774800000000" remote="131072774800000000" />
<file name="1600x360_slide4.png" server="www-cfd-01.cs.boeing.com//project/www/" local="131072774810000000" remote="131072774810000000" />
<file name="940x362_slideshow1.jpg" server="www-cfd-01.cs.boeing.com//project/www/" local="131072774830000000" remote="131072774830000000" />
<file name="940x362_slideshow2.jpg" server="www-cfd-01.cs.boeing.com//project/www/" local="131072774830000000" remote="131072774830000000" />
<file name="940x362_slideshow3.jpg" server="www-cfd-01.cs.boeing.com//project/www/" local="131072774840000000" remote="131072774840000000" />
<file name="940x362_slideshow4.jpg" server="www-cfd-01.cs.boeing.com//project/www/" local="131072774840000000" remote="131072774840000000" />
<file name="banner1.png" server="www-cfd-01.cs.boeing.com//project/www/" local="131072774850000000" remote="131072774850000000" />
<file name="banner_FPO.png" server="www-cfd-01.cs.boeing.com//project/www/" local="131072774860000000" remote="131072774860000000" />
<file name="controls.png" server="www-cfd-01.cs.boeing.com//project/www/" local="131072774870000000" remote="131072774870000000" />
<file name="glyphicons-halflings-white.png" server="www-cfd-01.cs.boeing.com//project/www/" local="131072775010000000" remote="131072775010000000" />
<file name="glyphicons-halflings.png" server="www-cfd-01.cs.boeing.com//project/www/" local="131072775020000000" remote="131072775020000000" />
<file name="imagery.jpg" server="www-cfd-01.cs.boeing.com//project/www/" local="131072775030000000" remote="131072775030000000" />
<file name="searchbutton.jpg" server="www-cfd-01.cs.boeing.com//project/www/" local="131072775040000000" remote="131072775040000000" />
<file name="search_icon.gif" server="www-cfd-01.cs.boeing.com//project/www/" local="131072775040000000" remote="131072775040000000" />
<file name="search_icon.png" server="www-cfd-01.cs.boeing.com//project/www/" local="131072775050000000" remote="131072775050000000" />
<file name="small_banner.png" server="www-cfd-01.cs.boeing.com//project/www/" local="131072775050000000" remote="131072775050000000" />
<file name="small_banner_fpo.png" server="www-cfd-01.cs.boeing.com//project/www/" local="131072775060000000" remote="131072775060000000" />
</dwsync>