<?xml version="1.0" encoding="utf-8" ?>
<dwsync>
<file name="browser-icon-chrome.png" server="//sw/data/cosys/dev/" local="130347397970000000" remote="130347397970000000" />
<file name="browser-icon-firefox.png" server="//sw/data/cosys/dev/" local="130347397970000000" remote="130347397970000000" />
<file name="browser-icon-safari.png" server="//sw/data/cosys/dev/" local="130347397970000000" remote="130347397970000000" />
<file name="slide-01.jpg" server="//sw/data/cosys/dev/" local="130347397970000000" remote="130347397970000000" />
<file name="slide-02.jpg" server="//sw/data/cosys/dev/" local="130347397980000000" remote="130347397980000000" />
<file name="slide-03.jpg" server="//sw/data/cosys/dev/" local="130347397980000000" remote="130347397980000000" />
<file name="browser-icon-chrome.png" server="www-cfd-01.cs.boeing.com//project/www/" local="131072774920000000" remote="131072774920000000" />
<file name="browser-icon-firefox.png" server="www-cfd-01.cs.boeing.com//project/www/" local="131072774940000000" remote="131072774940000000" />
<file name="browser-icon-safari.png" server="www-cfd-01.cs.boeing.com//project/www/" local="131072774950000000" remote="131072774950000000" />
<file name="slide-01.jpg" server="www-cfd-01.cs.boeing.com//project/www/" local="131072774960000000" remote="131072774960000000" />
<file name="slide-02.jpg" server="www-cfd-01.cs.boeing.com//project/www/" local="131072774970000000" remote="131072774970000000" />
<file name="slide-03.jpg" server="www-cfd-01.cs.boeing.com//project/www/" local="131072774990000000" remote="131072774990000000" />
</dwsync>