<?xml version="1.0" encoding="utf-8" ?>
<dwsync>
<file name="accordion.htm" server="//sw/data/cosys/dev/" local="130355847900000000" remote="130355847900000000" />
<file name="docs.htm" server="//sw/data/cosys/dev/" local="130348755620000000" remote="130348755620000000" />
<file name="index.htm" server="//sw/data/cosys/dev/" local="130355677140000000" remote="130355677140000000" />
<file name="index_3col.htm" server="//sw/data/cosys/dev/" local="130354895730000000" remote="130354895730000000" />
<file name="notes.htm" server="//sw/data/cosys/dev/" local="130355845630000000" remote="130355845630000000" />
<file name="page2.htm" server="//sw/data/cosys/dev/" local="130355678040000000" remote="130355678040000000" />
<file name="page2accordion.htm" server="//sw/data/cosys/dev/" local="130355197380000000" remote="130355197380000000" />
<file name="page3.htm" server="//sw/data/cosys/dev/" local="130348239170000000" remote="130348239170000000" />
<file name="static_3col.htm" server="//sw/data/cosys/dev/" local="130355677970000000" remote="130355677970000000" />
<file name="static_4col.htm" server="//sw/data/cosys/dev/" local="130355847200000000" remote="130355847200000000" />
<file name="accordion.htm" server="www-cfd-01.cs.boeing.com//project/www/" local="131072775250000000" remote="131072775250000000" />
<file name="docs.htm" server="www-cfd-01.cs.boeing.com//project/www/" local="131072775950000000" remote="131072775950000000" />
<file name="index.htm" server="www-cfd-01.cs.boeing.com//project/www/" local="131072775960000000" remote="131072775960000000" />
<file name="index_3col.htm" server="www-cfd-01.cs.boeing.com//project/www/" local="131072775960000000" remote="131072775960000000" />
<file name="notes.htm" server="www-cfd-01.cs.boeing.com//project/www/" local="131072775970000000" remote="131072775970000000" />
<file name="page2.htm" server="www-cfd-01.cs.boeing.com//project/www/" local="131072775980000000" remote="131072775980000000" />
<file name="page2accordion.htm" server="www-cfd-01.cs.boeing.com//project/www/" local="131072775980000000" remote="131072775980000000" />
<file name="page3.htm" server="www-cfd-01.cs.boeing.com//project/www/" local="131072775990000000" remote="131072775990000000" />
<file name="static_3col.htm" server="www-cfd-01.cs.boeing.com//project/www/" local="131072776080000000" remote="131072776080000000" />
<file name="static_4col.htm" server="www-cfd-01.cs.boeing.com//project/www/" local="131072776080000000" remote="131072776080000000" />
</dwsync>