<?xml version="1.0" encoding="utf-8" ?>
<dwsync>
<file name="Application.cfc" server="//sw/data/cosys/dev/" local="128697600360000000" remote="128697600360000000" />
<file name="index.cfm" server="//sw/data/cosys/dev/" local="130421461040000000" remote="130421461040000000" />
<file name="onerror.cfm" server="//sw/data/cosys/dev/" local="128697626510000000" remote="128697626510000000" />
<file name="settings_application.cfm" server="//sw/data/cosys/dev/" local="130422261450000000" remote="130422261450000000" />
<file name="settings_Request.cfm" server="//sw/data/cosys/dev/" local="128697578620000000" remote="128697578620000000" />
<file name="settings_session.cfm" server="//sw/data/cosys/dev/" local="128697578180000000" remote="128697578180000000" />
<file name="Application.cfc" server="www-cfd-01.cs.boeing.com//project/www/" local="131072774050000000" remote="131072774050000000" />
<file name="index.cfm" server="www-cfd-01.cs.boeing.com//project/www/" local="131073649850000000" remote="131073649850000000" />
<file name="onerror.cfm" server="www-cfd-01.cs.boeing.com//project/www/" local="131072776100000000" remote="131072776100000000" />
<file name="settings_application.cfm" server="www-cfd-01.cs.boeing.com//project/www/" local="131073649850000000" remote="131073649850000000" />
<file name="settings_Request.cfm" server="www-cfd-01.cs.boeing.com//project/www/" local="131072776110000000" remote="131072776110000000" />
<file name="settings_session.cfm" server="www-cfd-01.cs.boeing.com//project/www/" local="131072776120000000" remote="131072776120000000" />
</dwsync>