<?xml version="1.0" encoding="utf-8" ?>
<dwsync>
<file name="glyphicons-halflings-regular.eot" server="//sw/data/cosys/dev/" local="130214171000000000" remote="130214171000000000" />
<file name="glyphicons-halflings-regular.svg" server="//sw/data/cosys/dev/" local="130214171000000000" remote="130214171000000000" />
<file name="glyphicons-halflings-regular.ttf" server="//sw/data/cosys/dev/" local="130214171000000000" remote="130214171000000000" />
<file name="glyphicons-halflings-regular.woff" server="//sw/data/cosys/dev/" local="130214171000000000" remote="130214171000000000" />
<file name="glyphicons-halflings-regular.eot" server="www-cfd-01.cs.boeing.com//project/www/" local="131072774610000000" remote="131072774610000000" />
<file name="glyphicons-halflings-regular.svg" server="www-cfd-01.cs.boeing.com//project/www/" local="131072774620000000" remote="131072774620000000" />
<file name="glyphicons-halflings-regular.ttf" server="www-cfd-01.cs.boeing.com//project/www/" local="131072774620000000" remote="131072774620000000" />
<file name="glyphicons-halflings-regular.woff" server="www-cfd-01.cs.boeing.com//project/www/" local="131072774630000000" remote="131072774630000000" />
</dwsync>