<?xml version="1.0" encoding="utf-8" ?>
<dwsync>
<file name="ui-bg_glass_55_fbf9ee_1x400.png" server="www-cfd-01.cs.boeing.com//project/www/" local="131074587050000000" remote="131075362010000000" />
<file name="ui-bg_glass_65_ffffff_1x400.png" server="www-cfd-01.cs.boeing.com//project/www/" local="131074587060000000" remote="131075362010000000" />
<file name="ui-bg_glass_75_dadada_1x400.png" server="www-cfd-01.cs.boeing.com//project/www/" local="131074587060000000" remote="131075362020000000" />
<file name="ui-bg_glass_75_e6e6e6_1x400.png" server="www-cfd-01.cs.boeing.com//project/www/" local="131074587060000000" remote="131075362020000000" />
<file name="ui-bg_glass_95_fef1ec_1x400.png" server="www-cfd-01.cs.boeing.com//project/www/" local="131074587060000000" remote="131075362020000000" />
<file name="ui-bg_highlight-soft_75_cccccc_1x100.png" server="www-cfd-01.cs.boeing.com//project/www/" local="131074587070000000" remote="131075362020000000" />
<file name="ui-icons_222222_256x240.png" server="www-cfd-01.cs.boeing.com//project/www/" local="131074587070000000" remote="131075362020000000" />
<file name="ui-icons_2e83ff_256x240.png" server="www-cfd-01.cs.boeing.com//project/www/" local="131074587070000000" remote="131075362030000000" />
<file name="ui-icons_454545_256x240.png" server="www-cfd-01.cs.boeing.com//project/www/" local="131074587070000000" remote="131075362030000000" />
<file name="ui-icons_888888_256x240.png" server="www-cfd-01.cs.boeing.com//project/www/" local="131074587080000000" remote="131075362030000000" />
<file name="ui-icons_cd0a0a_256x240.png" server="www-cfd-01.cs.boeing.com//project/www/" local="131074587080000000" remote="131075362030000000" />
</dwsync>