<?xml version="1.0" encoding="utf-8" ?>
<dwsync>
<file name="bootstrap-theme.css" server="//sw/data/cosys/dev/" local="130214171000000000" remote="130214171000000000" />
<file name="bootstrap-theme.min.css" server="//sw/data/cosys/dev/" local="130214171000000000" remote="130214171000000000" />
<file name="bootstrap.css" server="//sw/data/cosys/dev/" local="130354911030000000" remote="130354911030000000" />
<file name="bootstrap.min.css" server="//sw/data/cosys/dev/" local="130214171000000000" remote="130214171000000000" />
<file name="bootstrap-theme.css" server="www-cfd-01.cs.boeing.com//project/www/" local="131073664970000000" remote="131073664970000000" />
<file name="bootstrap-theme.min.css" server="www-cfd-01.cs.boeing.com//project/www/" local="131072774560000000" remote="131072774560000000" />
<file name="bootstrap.css" server="www-cfd-01.cs.boeing.com//project/www/" local="131073673450000000" remote="131073673450000000" />
<file name="bootstrap.min.css" server="www-cfd-01.cs.boeing.com//project/www/" local="131072774580000000" remote="131072774580000000" />
</dwsync>