<?xml version="1.0" encoding="utf-8" ?>
<dwsync>
<file name="animated-overlay.gif" server="//sw/data/cosys/dev/" local="130144777130000000" remote="130144777130000000" />
<file name="ui-bg_flat_0_aaaaaa_40x100.png" server="//sw/data/cosys/dev/" local="130144777130000000" remote="130144777130000000" />
<file name="ui-bg_flat_75_ffffff_40x100.png" server="//sw/data/cosys/dev/" local="130144777130000000" remote="130144777130000000" />
<file name="ui-bg_glass_55_fbf9ee_1x400.png" server="//sw/data/cosys/dev/" local="130144777130000000" remote="130144777130000000" />
<file name="ui-bg_glass_65_ffffff_1x400.png" server="//sw/data/cosys/dev/" local="130144777130000000" remote="130144777130000000" />
<file name="ui-bg_glass_75_dadada_1x400.png" server="//sw/data/cosys/dev/" local="130144777130000000" remote="130144777130000000" />
<file name="ui-bg_glass_75_e6e6e6_1x400.png" server="//sw/data/cosys/dev/" local="130144777130000000" remote="130144777130000000" />
<file name="ui-bg_glass_95_fef1ec_1x400.png" server="//sw/data/cosys/dev/" local="130144777130000000" remote="130144777130000000" />
<file name="ui-bg_highlight-soft_75_cccccc_1x100.png" server="//sw/data/cosys/dev/" local="130144777130000000" remote="130144777130000000" />
<file name="ui-icons_222222_256x240.png" server="//sw/data/cosys/dev/" local="130144777130000000" remote="130144777130000000" />
<file name="ui-icons_2e83ff_256x240.png" server="//sw/data/cosys/dev/" local="130144777130000000" remote="130144777130000000" />
<file name="ui-icons_454545_256x240.png" server="//sw/data/cosys/dev/" local="130144777130000000" remote="130144777130000000" />
<file name="ui-icons_888888_256x240.png" server="//sw/data/cosys/dev/" local="130144777130000000" remote="130144777130000000" />
<file name="ui-icons_cd0a0a_256x240.png" server="//sw/data/cosys/dev/" local="130144777130000000" remote="130144777130000000" />
<file name="animated-overlay.gif" server="www-cfd-01.cs.boeing.com//project/www/" local="131072774270000000" remote="131072774270000000" />
<file name="ui-bg_flat_0_aaaaaa_40x100.png" server="www-cfd-01.cs.boeing.com//project/www/" local="131072774280000000" remote="131072774280000000" />
<file name="ui-bg_flat_75_ffffff_40x100.png" server="www-cfd-01.cs.boeing.com//project/www/" local="131072774280000000" remote="131072774280000000" />
<file name="ui-bg_glass_55_fbf9ee_1x400.png" server="www-cfd-01.cs.boeing.com//project/www/" local="131072774290000000" remote="131072774290000000" />
<file name="ui-bg_glass_65_ffffff_1x400.png" server="www-cfd-01.cs.boeing.com//project/www/" local="131072774290000000" remote="131072774290000000" />
<file name="ui-bg_glass_75_dadada_1x400.png" server="www-cfd-01.cs.boeing.com//project/www/" local="131072774300000000" remote="131072774300000000" />
<file name="ui-bg_glass_75_e6e6e6_1x400.png" server="www-cfd-01.cs.boeing.com//project/www/" local="131072774300000000" remote="131072774300000000" />
<file name="ui-bg_glass_95_fef1ec_1x400.png" server="www-cfd-01.cs.boeing.com//project/www/" local="131072774310000000" remote="131072774310000000" />
<file name="ui-bg_highlight-soft_75_cccccc_1x100.png" server="www-cfd-01.cs.boeing.com//project/www/" local="131072774310000000" remote="131072774310000000" />
<file name="ui-icons_222222_256x240.png" server="www-cfd-01.cs.boeing.com//project/www/" local="131072774320000000" remote="131072774320000000" />
<file name="ui-icons_2e83ff_256x240.png" server="www-cfd-01.cs.boeing.com//project/www/" local="131072774320000000" remote="131072774320000000" />
<file name="ui-icons_454545_256x240.png" server="www-cfd-01.cs.boeing.com//project/www/" local="131072774330000000" remote="131072774330000000" />
<file name="ui-icons_888888_256x240.png" server="www-cfd-01.cs.boeing.com//project/www/" local="131072774340000000" remote="131072774340000000" />
<file name="ui-icons_cd0a0a_256x240.png" server="www-cfd-01.cs.boeing.com//project/www/" local="131072774340000000" remote="131072774340000000" />
</dwsync>