<?xml version="1.0" encoding="utf-8" ?>
<dwsync>
<file name="browser-icon-chrome.png" server="//sw/data/cosys/dev/" local="130347397970000000" remote="130347397970000000" />
<file name="browser-icon-firefox.png" server="//sw/data/cosys/dev/" local="130347397970000000" remote="130347397970000000" />
<file name="browser-icon-safari.png" server="//sw/data/cosys/dev/" local="130347397970000000" remote="130347397970000000" />
<file name="slide-01.jpg" server="//sw/data/cosys/dev/" local="130347397970000000" remote="130347397970000000" />
<file name="slide-02.jpg" server="//sw/data/cosys/dev/" local="130347397980000000" remote="130347397980000000" />
<file name="slide-03.jpg" server="//sw/data/cosys/dev/" local="130347397980000000" remote="130347397980000000" />
<file name="browser-icon-chrome.png" server="www-cfd-01.cs.boeing.com//project/www/" local="131072775670000000" remote="131072775670000000" />
<file name="browser-icon-firefox.png" server="www-cfd-01.cs.boeing.com//project/www/" local="131072775680000000" remote="131072775680000000" />
<file name="browser-icon-safari.png" server="www-cfd-01.cs.boeing.com//project/www/" local="131072775700000000" remote="131072775700000000" />
<file name="slide-01.jpg" server="www-cfd-01.cs.boeing.com//project/www/" local="131072775710000000" remote="131072775710000000" />
<file name="slide-02.jpg" server="www-cfd-01.cs.boeing.com//project/www/" local="131072775720000000" remote="131072775720000000" />
<file name="slide-03.jpg" server="www-cfd-01.cs.boeing.com//project/www/" local="131072775740000000" remote="131072775740000000" />
</dwsync>