<?xml version="1.0" encoding="utf-8" ?>
<dwsync>
<file name="footer.cfm" server="//sw/data/cosys/dev/" local="130422274460000000" remote="130422274460000000" />
<file name="header.cfm" server="//sw/data/cosys/dev/" local="130422282910000000" remote="130422282910000000" />
<file name="layout.cfm" server="//sw/data/cosys/dev/" local="130422274480000000" remote="130422274480000000" />
<file name="rightside.cfm" server="//sw/data/cosys/dev/" local="130422274490000000" remote="130422274490000000" />
<file name="top_header.cfm" server="//sw/data/cosys/dev/" local="130422275600000000" remote="130422275600000000" />
<file name="top_nav.cfm" server="//sw/data/cosys/dev/" local="130422278600000000" remote="130422278600000000" />
<file name="footer.cfm" server="www-cfd-01.cs.boeing.com//project/www/" local="131073682950000000" remote="131073682950000000" />
<file name="header.cfm" server="www-cfd-01.cs.boeing.com//project/www/" local="131073654680000000" remote="131073654680000000" />
<file name="layout.cfm" server="www-cfd-01.cs.boeing.com//project/www/" local="131073654690000000" remote="131073654690000000" />
<file name="rightside.cfm" server="www-cfd-01.cs.boeing.com//project/www/" local="131073654690000000" remote="131073654690000000" />
<file name="top_header.cfm" server="www-cfd-01.cs.boeing.com//project/www/" local="131073680480000000" remote="131073680480000000" />
<file name="top_nav.cfm" server="www-cfd-01.cs.boeing.com//project/www/" local="131073654690000000" remote="131073654690000000" />
</dwsync>